Rank,Team Name,Score,Deviation
1,Final YOLO,13449,44.7
2,Huskies,16061,34.699999999999996
3,MathCoInnovation,30190,56.3
4,Vidyashilp Tech Explorers,46504,52.2
5,Invisible_Cities,50857,60.8
6,Algovenger,52121,45.1
7,EgdeCase,57508,55.7
8,PathProtectors,61213,59.699999999999996
9,BT-AI,245378,90.3
10,CSVS,331913,1302.0
