Rank,Team Name,Score,Deviation
1,al YOLO,13449,44.7
2,kies,16061,34.699999999999996
3,hCoInnovation,30190,56.3
4,yashilp Tech Explorers,46504,52.2
5,isible_Cities,50857,60.8
6,ovenger,52121,45.1
7,eCase,57508,55.7
8,hProtectors,61213,59.699999999999996
9,AI,245378,90.3
10,S,331913,1302.0
