Rank,Team Name,Score,Deviation
1,_,13449,44.7
2,_,16061,34.699999999999996
3,_,30190,56.3
4,_,46504,52.2
5,_,50857,60.8
6,_,52121,45.1
7,_,57508,55.7
8,_,61213,59.699999999999996
9,_,245378,90.3
10,_,331913,1302.0
